CBM81YFY6XR,"Eu LLP",8811172,2020-06-06,False
PTH79SXU5CW,"Urna Vivamus Associates",8397876,2020-01-12,False
JDW43DAH5CD,"Varius Orci In LLP",8835239,2017-12-14,False
HJL62XCJ5KX,"Dolor Limited",797550,2019-07-06,False
BEG74SPW6JD,"Suspendisse Eleifend Cras Corporation",261822,2018-07-06,False
KIC32QXK5PF,"Suscipit Nonummy Ltd",1668744,2019-12-05,True
RBX62ZFB3GH,"Ligula Incorporated",9669887,2019-07-28,True
SSQ55BYQ3SU,"In Scelerisque Associates",4982932,2020-04-21,True
UXF17XKT9WD,"Turpis Nec Ltd",2281779,2018-09-23,False
BDB43DDW3RX,"Diam At Associates",5884557,2019-06-26,True
HUR75PZN3YB,"Lacus Cras Industries",4838613,2017-12-20,True
HRA25DQF5QT,"Mollis Lectus Company",4639909,2018-08-15,True
ZXT62QWY5NC,"Quam Dignissim Incorporated",7037731,2018-06-18,True
XGO44WXW3EC,"Interdum Libero Dui LLC",2886694,2019-03-10,False
safsf,afdqa,666,2024-02-22,True
98ih,uyhvbu,666,2024-03-01,True
